{"cameraMode":{"drawMode":0,"name":"Shaded","section":"Shading Mode"},"sceneLighting":true,"audioPlay":false,"sceneViewState":{"m_AlwaysRefresh":false,"showFog":true,"showSkybox":true,"showFlares":true,"showImageEffects":true,"showParticleSystems":true,"showVisualEffectGraphs":true,"m_FxEnabled":true},"in2DMode":false,"pivot":{"x":0.000980570912361145,"y":-0.5414595603942871,"z":-0.509718656539917},"rotation":{"x":-0.0035372136626392605,"y":0.9478171467781067,"z":0.010523010045289994,"w":0.3186221420764923},"size":0.0609917938709259,"orthographic":false}